<?xml version="1.0" encoding="UTF-8"?>
<!--
  ~ CDDL HEADER START
  ~
  ~ The contents of this file are subject to the terms of the Common Development and Distribution License, Version 1.0
  ~ only (the "License"). You may not use this file except in compliance with the License.
  ~
  ~ You can obtain a copy of the license at license/ESCIDOC.LICENSE or http://www.escidoc.de/license. See the License
  ~ for the specific language governing permissions and limitations under the License.
  ~
  ~ When distributing Covered Code, include this CDDL HEADER in each file and include the License file at
  ~ license/ESCIDOC.LICENSE. If applicable, add the following below this CDDL HEADER, with the fields enclosed by
  ~ brackets "[]" replaced with your own identifying information: Portions Copyright [yyyy] [name of copyright owner]
  ~
  ~ CDDL HEADER END
  ~
  ~ Copyright 2006-2011 Fachinformationszentrum Karlsruhe Gesellschaft fuer wissenschaftlich-technische Information mbH
  ~ and Max-Planck-Gesellschaft zur Foerderung der Wissenschaft e.V. All rights reserved. Use is subject to license
  ~ terms.
  -->

<resultPage>
 <repositoryInfo>
  <RepositoryShortName>escidocrepository</RepositoryShortName>
  <RepositoryLongName>Fedora demonstration objects at DTU</RepositoryLongName>
  <RepositoryDeveloper>Gert Schmeltz Pedersen, DTU/DTV</RepositoryDeveloper>
  <RepositoryContact>gsp@dtv.dk</RepositoryContact>
  <SupportedMimeTypes>application/pdf application/msword text/xml application/xml text/plain</SupportedMimeTypes>
 </repositoryInfo>
</resultPage>