<?xml version="1.0" encoding="UTF-8"?>
<!--
  ~ CDDL HEADER START
  ~
  ~ The contents of this file are subject to the terms of the Common Development and Distribution License, Version 1.0
  ~ only (the "License"). You may not use this file except in compliance with the License.
  ~
  ~ You can obtain a copy of the license at license/ESCIDOC.LICENSE or http://www.escidoc.de/license. See the License
  ~ for the specific language governing permissions and limitations under the License.
  ~
  ~ When distributing Covered Code, include this CDDL HEADER in each file and include the License file at
  ~ license/ESCIDOC.LICENSE. If applicable, add the following below this CDDL HEADER, with the fields enclosed by
  ~ brackets "[]" replaced with your own identifying information: Portions Copyright [yyyy] [name of copyright owner]
  ~
  ~ CDDL HEADER END
  ~
  ~ Copyright 2006-2011 Fachinformationszentrum Karlsruhe Gesellschaft fuer wissenschaftlich-technische Information mbH
  ~ and Max-Planck-Gesellschaft zur Foerderung der Wissenschaft e.V. All rights reserved. Use is subject to license
  ~ terms.
  -->

<resultPage indexName="admin">
 <indexInfo>
  <IndexShortName>content_model_admin</IndexShortName>
  <IndexLongName>Admin Index for Escidoc, containing content-models</IndexLongName>
  <EngineUrl>http://lucene.apache.org/</EngineUrl>
  <EngineShortName>Lucene</EngineShortName>
  <EngineLongName>Apache Lucene project</EngineLongName>
  <EngineDescription>The Apache Lucene project develops open-source search software.</EngineDescription>
  <EngineTags>lucene apache open-source search software</EngineTags>
  <EngineImage>http://lucene.apache.org/lucene_green_300.gif</EngineImage>
  <QueryLanguage>See e.g. http://lucene.apache.org/java/docs/queryparsersyntax.html</QueryLanguage>
  <SampleSearch>dc.title:fedora AND dc.creator:"thornton staples"</SampleSearch>
  <IndexFieldNameList>
  </IndexFieldNameList>
  <EngineDeveloper>Apache Lucene project</EngineDeveloper>
  <EngineContact>info@lucene.apache.org</EngineContact>
  <EngineAttribution>The Apache Lucene project &#169; 2005, The Apache Lucene project,
   All Rights Reserved</EngineAttribution>
 </indexInfo>
</resultPage>